{
    "<@989537889417322496>": 0,
    "<@687256176961781790>": -5140137193.16904,
    "<@558600060443820043>": 630.038825750351,
    "<@495953464128569366>": 496.24583983421326,
    "<@548836666102513664>": 0,
    "<@582580033521188879>": 0,
    "<@628598203876638731>": 0,
    "<@663332501204369429>": 0,
    "<@682187662060552192>": -60.093252182006836,
    "<@697845026243215551>": 26.778395414352417,
    "<@724317992367685906>": 985.8113389015198,
    "<@802463814594330644>": 184.16665720939636,
    "<@828204319269584926>": 0,
    "<@917141329417486356>": 0,
    "<@922777372846067732>": 0,
    "<@930441902409547867>": 145.09511876106262,
    "<@1168447199349321748>": 0
}